点赞数量,评论
4002,"那年，老爸觉得他在城里开店，我在家里读书不好照顾，就托关系把我转进城里读小学。
很巧，和老爸隔壁店赵叔的闺女一个班。因为她学习好，老爸让她常常辅导我一下。
于是，我们俩从九岁就经常在一起玩，晚上送她回去。
自从学会“完璧归赵”这个成语，我送她回家都喜欢对赵叔说这一句。
后来初中我们在一个学校，但不在一个班。每天我们仍然一起上学，一起回家。把他送到赵叔家仍然爱说那句“完璧归赵”！
直到初中即将毕业，我们受不了青春期的诱惑。一不小心“偷吃禁果”后！心里实在忐忑，不忍直视“完璧归赵”这个词了！
她听到
…"
1339,去药店买维生素，跟店主抱怨说:“昨天在你家买钙片，掏手机掏掉了10块钱，唉……”店主还没说话，她正趴在玻璃柜台上画鸭蛋的儿子大声喊:“我妈妈捡了！还给我买了个肉夹馍吃！”店主睁大眼睛瞅了下娃，然后扬起灿烂的笑容说:“嗯嗯嗯，我追出去喊你了，你走太快，这维生素少收你十块哈……”
222,自古抖音出人才
244,"[小段子19期]
		1、几个男的同时向一女神求婚。
		女神说：“你们各自把自己比喻成一种蔬菜，谁是俺最喜欢的菜俺就选谁。”
		甲男：“俺是菜花，又能当菜又能当花，俺最实惠有用。”
		乙男：“俺是番茄，能养颜美容。”
		丙男：“俺是……”
		丁男：“俺是黄瓜，用途最广，上头能用，下头能用，里头能用，外头能用……”
		结果女神选了丁。
 
		2、一天小姨子来我家，刚好家里买了点香蕉。
		便问她要不要，小姨子说，不用不用。
		我：给你吃的，不是给你用的！
		顿时家里安静了"
1733,一个性格再阳刚的女强人。在遇到自己喜欢的面人面前，脾气都会变得温柔。身体都会变得柔弱起来。本人活了都23年了。还没有几个女人能让我硬起来过。
1791,"一老同学在发愁,说每天都播放英文歌曲给她女儿听，但就怕女儿以后不喜欢英文。
我看见了说:孩子的兴趣爱好从小培养是挺重要的，你女儿多大了？
同学回道: 刚刚满月……"
1192,"帮闺蜜整理储物室，看到她以前买的高尔夫装备，我就开玩笑说“你也就刚买的时候练习了几次，不会是为了发朋友圈而买的吧？”……

闺蜜一听，立马昂首挺胸地走到我面前大声吼道“你瞎啊，发育的好，影响我挥杆，我有什么办法…”……"
1038,我们村里有个男的，那个长得小，结了几次婚都离了。他打问到一个老中医很神，什么病都能治，就去了。老中医问明了情况，叹了口气说：我也没有好法子，你试着回去养貂吧。[流鼻血][流鼻血][流鼻血]
548,"今天去现场勘察线路，我开车，专工问我路熟吗？
我说:“就是闭着眼睛也不会迷路的。”
开车慢慢走进草原，到处都是岔道，连个参照物都没有，不大会我就懵啦，手机也没信号，转了几个圈后，彻底迷失在荒野！
专工拍拍我的肩膀说:“辉哥，你是不是在梦游！闭着眼都能走的路，睁着眼咋都走错！”
我......"
392,表姐家有小正太一枚，最近打算生二胎，想再生个女儿。不知道听谁说的：高潮时受孕，生男孩子的几率大，否则生女孩子的几率大。几个姐妹聚会时自省一下亲身经历，好像有那么一点道理。一个姐妹说：姐，那个很难控制的好吧，万一又生个儿子，就没机会再要女儿了。表姐一副志在必得的表情说：没关系，我让你姐夫自己撸，最后时刻把东西送进来。我们一脸黑线！
4192,刚才下班在客厅看电视，女儿跑过来狠狠的瞪着我，气呼呼的样子，也不搭理我。我就问她：“宝贝，怎么了？谁欺负你了？”这时候女儿站在沙发上说：“你晚上是不是又吃妈妈奶奶了。”我答：“没有啊。”女儿说：“还说没有，我吃的时候一股烟味。”我……
3638,刚结婚那会儿，媳妇总喊我哥哥。说了她几次，也不听…那次，带她去参加公司的聚会。席间各种嗨。完事，走的时候，一不太熟悉的同事走了过来，给我发了根烟，并叫了我一声大舅子…
251,刚才坐电梯上来几个人，忍不住放了个屁，这时一哥们正好打了一个嗝，全电梯看哥们眼光都不同了，哥们一脸懵逼！兄弟我对不起你
195,一大早出门穿牛仔裤忘记系裤腰带真是有点儿太高估自己的腰围了 [ 本人并没有想象中辣么胖啦 ] 现在就想找一没人的地儿好好提一提裤子
2916,刚刚隔壁宿舍有人喊：“你他妈的别蹭网了。我直播呢，都看不清楚脸。”然后又传来一个声音说：“我是在帮你忙呢。你那么丑，露脸了会没有人看你的。”然后现在正在听着他们在叫骂。。
1100,"本地幼儿园因为流感爆发放假了，这两天女同事上班就带着她儿子。这小家伙挨个办公室溜达玩，把他的电话手表落我这了。不一会儿，小家伙又来了，我知道他是来找手表的，就明知故问：你又干啥来啦？
小家伙用一双无邪的眼睛看着我说：我丢手表来啦，，，，"
4756,昨天回老家，我哥开车挺仔细的，眼瞅着前面有个女的腿着婴儿车，领着我们的车走了快两分钟了，我让我哥轻轻按一下喇叭，被他批评教育说:“婴儿车里有宝宝！吓着怎么办？！能耽误多点时间啊？”我惭愧又委屈的盯着婴儿车，直到那里伸出来一个狗头……
499,"老妈：老公，你儿子犯错了，你给我揍他！
老爸：老婆，这不好吧，你自己不会揍？
老妈：这样吧，揍一下我给我一块钱。我去拿钱，你给我揍！
老妈走后，老爸：儿子，毕竟我们是父子。
儿子感激的看着老爸：老爸，还是你对我好。
老爸：儿子，我要凑两包烟钱，你要念在我们父子的份上，我动手时，你忍着点！你一叫，你妈就舍不得，叫我住手了！
儿子：……"
227,"我家小侄女今年上小学一年级，平时古灵精怪的一个小丫头，学习就是不行，成绩在班上总是倒数，今天我去接她放学，就被她的同学告知，这次考试又是倒数第一，回来的路上我就试探性的问了一下，妮妮呀！听说你这次又考倒数第一，小丫头振振有词道：谁说的，谁说我考倒数第一，我考倒数第二好吧！我又不是最差的。
呃！！！"
238,跟我家六岁的小傻妞逛街，看见一个差不多大的小男孩为了要父母给他买玩具满街的撒泼打滚，一群人围观。。我就对小傻妞说：看，多丢人。这样的孩子没人会喜欢，还是我家的宝宝最听话！。。小傻妞白了我一眼说。。我绝对不会像他那样丢人，这个玩具我也喜欢，你就给我买了吧！我看了她一眼，就问，那我不买你也这样？小傻妞回答。。我才不会这么不要脸呢。。我正庆幸孩子懂事呢，她接下来说。。我会找个没人的地方再打滚的。。。那个老板啊，这个玩具我要了。。对拿两个，回家给她妈一个。。这套路肯定遗传的。。。。
2141,一个神奇的国度
2031,糗糗们！猜猜看，碟子里装的是啥黑暗料理？谁猜对了，谁就是我男朋友[奸笑][奸笑][奸笑]
280,"#段子#
昨天公司安排我，和一个女同事加班，晚上我正忙得不可开交，
他过来微笑着问我，“美国的第35任总统是谁呀”？我不耐烦的说，
“赶紧去工作吧，我还着急回家呢”！她哼了一声，于是生气不理我了！
难道我错过了几个亿吗。。。。。"
226,"^_^朋友有网瘾，高中时每次一起逃课去网吧，他常常感慨“我要有台电脑，给个媳妇都不换！”
^_^十年后他婚礼现场，我们把这事跟新娘学了一遍，“那你现在还想换吗？”新娘倒是冷静，不动声色地一边活动手腕一边问道。朋友则立刻露出懊悔的神情“那还用问！那时候是我太傻太年轻了，最重要的是还没遇到你！”懊恼和醒悟交织在他的脸上，让本想看笑话的我们在失落的同时不得不暗赞了一下他的演技。
^_^然后就听到他接着说“现在我算是想明白了，换不换那也得看电脑啥配置呀”"
405,朋友，是不是谈恋爱太花钱了？别憋着，有困难说出来，咱们众筹给你买根新牙刷 ​
1469,"小时候很皮，皮到伤心的地步，曾经用弹弓打过牛蛋，结果那头牛直接把半片山清场了，最后那顿打挨的都已经分不清谁在揍我了。还有一次暑假回老家，跟堂兄弟们去灌开水抓蛇抓老鼠，作为城市里面来的孩子当然对他们那种原始落后的盆灌桶灌式作业嗤之以鼻，指挥他们去把大伯家的抽水机抬出去，一头抽水渠里的水，一头找洞子往里面灌，整了一一个上午，最后还是很多村民上山来制止了我们才停手，不过收获也很多了，如果当时不是因为半山腰.上有几家包括我祖爷爷祖奶奶的坟包在喷水，我们几个兄弟被各家的大人打的大便都蹲不下去，这个暑假会是
…"
3577,"在公司弯腰系鞋带，一抬头，大刘一脸神秘的小声对我说：“喂，你是不是跟咱们老总有一腿！”
我一脸懵逼惊讶的连忙摇头否认！大刘：“别装了！我刚才在卫生间，看到老总跟你穿了同样颜色的内裤！应该是情侣内裤！”
卧槽，，尼玛，。。"
188,今天早上六点做饭时发现家里净化水不多，决定去楼下净化器处打水，考虑到天儿还黑着，嫌穿脱外裤太麻烦，我就穿打底裤未穿外裤就下楼了，回家后跟儿子炫耀，说自己这样出去，没有人看到，因为天黑看不清，儿子直接回了我一句：“没人看”！这啥意思，是没人，还是有人也不屑于看？我跟儿子说“我挺俊的呀！”儿子当场做[呕吐]状，我无语了😓
95,普及一哈，来陕西你可以飙一两句
328,"真实故事，大概在九几年在一个偏僻的农村有三兄弟，哥哥和弟弟已娶老婆，剩下老二未娶。老二有时神经不正常，经常会做出一些搞笑的事，一次看见他弟弟老婆在撒尿，那时农村没有卫生间尿尿都是在房间的门角放个尿桶，然后每天早上清理去淋青菜。尿尿一般不锁门，把门一掩就开始。正当他细婶（他弟弟老婆）正开始尿，他一下冲进去把他细婶抱起来冲出门口，就象平时给小孩把尿一样，他弟弟老婆一下没反应过来加上尿出来也忍不着就这样一条美丽的孤线显示大家眼前，那一边叫一边尿的情景多少年也让看到的人忘不了。再有一次他大嫂在炒菜，他从
…"
1481,"女同桌上课困的眼皮打架，对我说:我的肉体在这，灵魂早就飞到床上了………
我也困，迷迷糊糊的道:等等我的魂，咱俩是同桌，一起飞找个地睡去………
她还   嗯，快点，我撑不住了
老师忍不住了:那俩同学请注意一下课堂纪律，你俩咋睡我管不着，但是你俩要是打扰我上课，我就让你俩的魂飞不到一起睡！！！"
2347,朋友在一个聊天室撩到一个女朋友，然后我也毫不犹豫的跑去注册了一个账号。几天之后我也跟一个女孩聊的蛮火热，她单纯，善良又可爱。直到昨天我跟他说想见见她，她告诉我说“妈妈说了，不让我跟陌生人见面”，我听完更加感觉这妹子太可爱了，随即回复她，你都多大了还听妈妈的话，这妹子也立马回复了我：“我已经10岁了”…
245,王这个姓氏，就出了王莽这么一个草根逆袭的皇帝
242,"同事睡午觉起来，小声跟我说:“我午勃了……”
“午勃了什么鬼？”我问他。
“早上起来叫晨勃啊中午起来就是午勃啊。”
卧槽，我才知道枫桥夜泊是怎么回事"
243,割了它的农大108。上午刚把玉米收完放场里，生产队长吃过饭就喊上了：“大姑娘小媳妇都上东大场脱裤子了，有毛的薅薅，没毛的算了！”————知道是干什么活的都是庄稼人。
1463,去体检，做B超。。。大夫让鼓气，我气鼓的慢慢，大夫拍拍我肚子说：“让你肚子鼓气，谁让你嘴巴鼓气，卖什么萌啊！”  我…
1734,看到我家的母猪下的崽全是猪，我悬着的心终于放下了 。。。。。。
149,"老公最近咽炎，强制性戒烟。晚上洗完澡，穿着睡衣进了卧室，看老公在床上玩手机，想起他今天一天没吸烟了，觉得要给他点奖励……
靠着梳妆台，轻轻的撩起睡衣，动作极尽妩媚，勾着手指挑逗着老公！老公见状咽了咽口水，朝我扑过来……
兴趣正浓，老公突然说有个重要的事，起身出了门。我扫兴地起来，收拾梳妆台，却发现放在上面的一包烟不见了……"
204,官方鉴定完毕，知名风流狗狗
261,破你妹的冰啊，真他妈有病？你去破冰了，同时也是去送钱了，你去给它送钱，它部署萨德为了以后破你的国，我不是愤青，只是觉得做人应该有点底限，不能为了个人利益敌我不分，世界那么大，美丽的风景到处都有，何必非得去那弹丸之地？为什么不给过？
1148,终于知道自己穷的原因了
1207,"我每次吃完饭后，洗碗的时候都洗一把脸
婷婷:这水不凉啊
我：没事，我的脸上总出油，不洗不行
婷婷:给，用我的洗洁精洗
我：这管用吗？
她:猪油都能洗掉，你说呢"
614,单位体检测肺活量，医生让憋一口气使劲吹，我一边吹气医生一边上喊使劲吹呀，：“医生不能在使劲了在使劲容易拉出来
211,爸妈为了让我以后找一个他们都喜欢的男盆友，天天拉着我看非诚勿扰，上来一个男嘉宾就问我怎么样，如果我的意见和他们相反，那他们就会一只给我洗脑巴拉巴拉说到这个男嘉宾下去，我的天！我好累啊！我怎么感觉我天天相亲呢！
359,我只想好好爱你，你却爱上了另一个她！
1611,小时候经常被欺负，我哥对我说，“打架气势很重要，你一上来先脱衣服就能镇住他们”  我牢牢记在心里，只到有天被人围住，我二话不说，一把扯掉衣服。。。没过多久，全校流传有个傻子脱掉衣服让人打的传说
2047,"青春期的孩子，实在不好管，这不，儿子昨天又吼他妈，说他妈啰嗦……
吃饭的时间，我给儿子说:男人，必须要有修养，虽然说，自古美女爱英雄，但英雄不是吼父母，而是比修养，比学识，比胸襟……
爸，我知道了，我不是要吼妈，是妈要我查查你和赵姐姐的关系，我们先吃饭，食不言寝不语好吗？？
好好，吃饭！！"
265,记得小时候，经常跟一群小伙伴一起出去玩，有天我们发现了一块地里面全是甜瓜，从此我和小伙伴们每天去那瓜田偷甜瓜吃，大约偷了一星期，直到我妈妈带着我去自家瓜田摘瓜才知道，那特么偷的是我家的甜瓜呀！心酸。。。
719,"我路过常青公园，丧 偶的邻居李大爷说他们要视 频练舞，问我把手机给他用一天，他说：一会我给你介绍个美女认识!
这个可以，用点流量也划算! 我麻溜地帮他下载需要的视 频，这时过来一白发老奶奶，李大爷高兴地说：小刀，认识一下，这是我女朋友，快叫奶 奶!"
239,看几个糗事出来个这 看几个糗事出来个这 很影响心情哎
583,"隔壁老王死了没？2018最难国考题：
老王在班级三十年的同学聚会上，发现自己曾经暗恋多年的女神居然也对自己暗恋多年，不由得感慨万千，会上相谈甚欢，一时冲动向女神发一微信：滚床单不？女神回信：“滚”。
请问：这个“滚”字是什么意思？
附加题：（七问）
老王虽然已经是国内著名大学的中文教授了，竟然也不明白这个“滚”字是什么意思！
他心有不甘，回家后失眠了几个晚上，终于鼓起勇气发一微信给女神：去我的家还是去你的家？”
女
…"
4690,"和男朋友异地。
一次我跟男朋友约定在异地
同一个时间看同一部电影，
然后我偷偷买了他那场电影
旁边的位置，买了机票飞了过去。
正当我在电影院里纳闷找不着他的时候，
我接到了他的电话，电话那边带着兴奋的
语气：“亲爱的，你猜我现在在哪？”
我就知道完了……"
240,去健身，教练缠着我叨叨，要按他的指导才能促进脂肪燃烧。我很疑惑:你能不能把脂肪燃烧的生理过程描述一下，是脂肪细胞没有了还是变小了，燃烧过程中发生了什么化学变化？教练愣了半天才说，我也不知道，老师就是这样教的
227,记得有一次我高中个数学老师靠在一楼窗台上讲课，有句话讲到一半时突然摔了出去，然后他又从门口走进来继续接着他刚刚还没讲完的那句话
225,上大学的时候自习，前面的帅哥时不时回头看她，那幽怨的眼神看的她小鹿乱撞。　 帅哥轻咬着嘴唇作出决然状递了张纸条过来，青春晚期的她接过，芳心窃喜，迫不及待地展开，只见一行龙飞凤舞的大字赫然纸上：同学，请不要抖脚！
1137,给相亲的对象发微信写到：“在没？”他半天才回写到：“啥事！”我一个电话打了过去，就听他淡定的说道：“咋了？”我笑着说道：“没事，我听听是本人不！”说完，我就挂断电话，然后继续发微信写到：“你说咋了！上个厕所人就没了，回家了连个声也不吱！发微信不回！半天憋了句啥事！你想咋地，饭店马上就打烊了，你点一桌子菜，吃完了！把我晾在这啥意思...”
3473,"去女友家，晚上突降大雨。女友爸妈很客气：房子小，就在沙发上将就一晚吧！
那晚有点冷，女友的房门也没反锁，单纯的我特么就生生的在沙发上捱了一晚上。
居然都不知道进去拿床被子！"
460,多谢各位关心我的陌生人！我前面发的是肋骨骨折，肋字写错了。我发在这里不过是不能和认识的人说，第一次就是报的工伤，不过工伤认定还没下来，这第二次也纯属意外，那根管子卡子不知道什么时候掉了，手把本来打的是推的位置，我收的时候管子打出来了。最后再次谢谢各位了！
337,"今天认识了几个印尼人，一番交流之后总算没给我大中国丢脸。
毕竟也是打了个平手嘛，他们说的我一句没听懂，我说的他们也一句没听懂[doge][doge][doge][doge][doge]
英语白痴伤不起啊[大哭][大哭][大哭][大哭][大哭]"
219,今天我买了一个棒棒糖，我两个朋友争着要我的棒棒糖！她们为了棒棒糖相互伤害，我抱着糖默默的看着，对视的争吵，突如其来的一巴掌呼在我脸上~啊啊啊~我捂住红一般的脸，“怎么受伤的总是我啊”我拿着糖向地上砸去，“这不就行了，俩二傻”（她们又打我）结局就是砸糖，把自己害进医院了……
1539,"我正给员工开晨会，小慧急匆匆地跑进车间，她天天迟到。不能再给她留面子了：以后不管谁再迟到，我也不罚你们钱，迟到一次在同事群里发十元红包，咱们线上20个人包20个
散会后没一会儿，小慧给我发了一个红包，打开一看是150。随即又来一个信息:老大，这是下半个月的。等到12月份我再发你300。你每天替我在群里发就好了"
7235,"我们科室里几个护士和医生关系都很好，我们经常会抢医生的东西吃。

我想说，男同事的裤兜真的不能随便掏，你永远不知道它里面是不是破了……
想剁手！"
239,你的快递可能收不到了！！
260,"雏田大小姐镇楼！！！

刚刚补完火影的番  原以为是玄幻武打动画  看完才发现原来是外星人攻打地球系列[大哭][大哭][大哭][大哭]"
250,臭小子，一跟我照相就是这个样儿
2704,"十年前，我朋友喝了六瓶啤酒后，跟我说，他女朋友跟有钱人跑了。 我安慰他多努力，说不定以后你就是有钱人……
今年，我朋友事业有成。他昨天喝了一瓶红酒后，又告诉我女朋友跟人跑了。
我：“跟什么人跑的？”
他：“更有钱的人！”"
1408,"网上谈了个女朋友，有天她突然问我：你谢顶吗？我颤抖地告诉她：我暂时不谢！
然后她再问：那你为什么像光头那样引人注目？我内牛满面的告诉她实话：因为我真的光头。然后我再发信息就被拉黑了，我这都没说完话啊，我是剃光头的啊……"
230,"闹钟一直都是快五分钟，而我每天都是掐点上班，十分钟的路程，一般五十五动身绝对不会迟到。
今天照例还是那个点上班，来到店里发现已经在开早会了！
好说歹说才保住了两百大洋，向领导保证下不为例。
下班回到家正纳闷今天怎么就见鬼了，儿子一脸献媚的说:妈妈妈妈！你猜我今天干什么了？
我发现闹钟快了五分钟，给调过来了！
踏马的，过来过来，让为娘好好奖励奖励你！"
249,在非洲大草原上，一只雄狮在巡察自己的地盘，一边走着一边撒尿做标记，别的动物闻到狮子的味道都得躲得远远的。一只野母猪看到十分亢奋，立即也模仿狮子的行为，结果不几天就招来狮子。野母猪死了之后问上帝，为什么狮子可以那样做，我为什么不可以？上帝笑笑，这世界强者和弱者的区别就是脑容量的不同，猪的地盘只有餐桌，而狮子的地盘却是整个草原。
233,你有多久没有放肆的笑过了？生活把你变成了什么样子。。。。
1452,"今天早上领导让我开车接他上班。路上闲聊。
我说：“头，看到那棵没皮儿的树没？听说昨天一个傻13开车撞上去了。据说当时围好多人看那傻子。”领导脸色一变说到：“知道我为什么让你接我上班么？”我：“呃。。。。。。”[做鬼脸][做鬼脸]"
1319,"初中时，有一年LZ双手得了冻 疮，舍友给我支招，说每天可以用热水泡泡手，这样可以缓解一下。
有天晚上泡好手后，我心想抱着暖水袋睡觉会不会好一点，当时没有热 水 袋，于是找了几个塑 料 袋套一起装上热水扎紧口子就捂着睡了。
天快亮的时候，LZ被冻醒了，起来一看，擦，袋子里的水全被我压漏了………"
241,"说好了一起到白头
而你却偷偷秃了头"
330,由此可见 在国内辍学是行不通的
233,公司最近新来了一个妹子，经过几天的相处也慢慢的熟悉了，有事没事她总是找我聊天，最近更是到我旁边很自然的就用手臂挽着我的手臂，就像情侣那样，但一般很快就会分开，自从最近知道我有了老婆以后就再也没有靠近过我了
962,"刚刚接到小何电话让送两百块钱给他，问干啥用的，他说把人家小电驴撞了，问他人没事吧？
他说人没事。
送到见他撞的是女的车，我把钱给他说到走回吧，他说：哥先回，我再呆一会。
我回头认真的看看那女的，上身穿小皮夹克，下面超短裙，黑丝，长的也真漂亮。
我把小何拉到边上悄悄地跟说：这姑娘你撩不到，赶紧上工地做活去。
他回道：哥你天天跟嫂子在一起，真是饱汉不知饿汉饥，我撩不到过过眼瘾总可以吧
我…………"
1369,女同事又广发邀请函去看电影了，这次再也不想浪费票钱了。30块钱的电影票，两小时的电影，除去最后字幕5分钟，剩下的115分钟里，我都是扭着头看女同事锁骨下的36F……
462,上个月回家，在机场发生的事，饥肠辘辘，我拿着十块钱去买泡面，售货员问:微信还是支付宝？我蒙了，弱弱的问了句:难道不能用现金吗？
194,心有余力不足
254,广大朋友们，你们谁吃盖浇饭吃完后遇到过老板在原盖浇饭的基础上还加收米饭钱这事？老板的原话是她这米饭是用好米做的，难道，整个西宁除了这一家饭馆外所有的饭馆用的米都是残次品吗？请问，西宁人服不服？四川，重庆的朋友们，你们那里有吃盖浇饭加收米饭钱的传统吗？就是下面这家饭馆，大家给评评理吧！
1829,"我们公司在男科医院后面，平时上班坐公交车…
昨天闪到腰，今天佝偻着腰去坐车，下车的时候，司机大哥好心提醒我:看你都来一年了，这医院估计治不好你的病，还是趁早换一家吧。
我..."
1287,回老家，坐后座的我姐喊:“快把车窗关上，速度降低！”我回头就看到她提溜着二宝的小腿，嗯，满满的，一腚金……
227,侄子为了要玩具改成绩单两天才看出来到底多少分。你们能看出来吗？都干过这个事没[嘻嘻][嘻嘻]
213,有什么能拦住橘猫吃东西
4323,甲：怎样才能追到高圆圆？乙：首先得找一个姓高的女生，然后让她成为你的女朋友，最后，说服她改名。。
4648,老公前两天喝醉了，吐得稀里哗啦，信誓旦旦的说要戒酒。昨晚又醉醺醺的回来了，质问，，，他说：我们举行了一个戒酒仪式……
1577,"上午经过水果摊看到有橙卖，我问老板娘怎样看橙甜不甜？
她很哲学的说：“只要你喜欢，它就是甜的。”
于是我凭感觉来挑，个头小的不要、表面不光滑的也不要，买了六斤回家。
下午又经过水果摊，有个大妈问老板娘：“这橙甜不甜的啊？”
她说：“绝对甜，上午有个家伙把不甜的全挑出来买光了。”"
196,苦逼的80后
325,"初二期末考的时候，
考试的座位是全年级随机打乱的，
旁边都是不认识的人。
考试时间还剩15分钟的时候，
我还有很多没做，
就叫旁边的妹子给我抄一下，
没想到她居然答应了。
为了不被发现是抄袭，
我还改了几个答案。
最后那科的成绩出来了，
我全年级倒数第二，她倒数第一……"
349,"哥哥：妈妈，妈妈我问你个问题？
我：好吧，你说吧！
哥哥：为什么你要生两个儿子？
我：…………
哥哥：别人都是一个儿子。
我：小宝不是还有个弟弟。
哥哥：对啊，就我和他两个，其他人都是一个。
我……………………表示不懂怎么回答！"
2463,"记得二十多岁的时间，爸妈在老家给我订了个婚，第一次去准岳父母家，我什么也没买，衣服也没换，所以，形象有点欠佳……
晚上吃饭，我一看全是素菜，心里有点不爽，新女婿上门，太不把我当回事了，当时也不知道怎么想的，手一滑，一碗饭掉地上摔地稀碎，跟着嘀咕了句:卧槽，这不是好兆头……
晚上我连夜回家了，第二天准岳父来退婚，说我我点傻……
唉，我不傻，你会退婚吗？……"
2069,跟我妈炫耀我双十一买了好多东西，快到货了，其中有给她买的衣服。我妈撇撇嘴说：她有衣服穿，啥时候给她买个女婿回来，厄……
822,家长辅导作业是个什么鬼啊，向左还是向右开
189,住个宾馆也能遇到警察查房[笑哭]
192,"中午吃饭，老板来一碗小碗牛肉面。老板给后厨喊：一个小牛。
老板你说说你是怎么个意思嘛？"
2597,今天晚上想和老婆来电刺激的，于是就等老婆睡了在回家。家里一片漆黑，我顺事冲进老婆卧室，用绳子把老婆绑住，啪啪啪，一种强x的快感。完事后把绳子解开，老婆坏笑的说了句， 上次也是你吧。
2566,隔壁刚搬来一对小夫妇，男的成天骂女的，很难听，我还为女的感到不值， 有天又在骂，女的说：差不多行了，别骂个不停。 然后听到男的带着哭腔说：你他妈把我打成这样，我骂你怎么了…
208,"天冷了，都不想起来做早餐，就和老婆天天吃泡面，我喜欢老坛酸菜，她也喜欢老坛酸菜，刚开始吃着挺好吃的，时间久了就受不了，我就说：天天吃泡面，能不能换个口味?
这货，把统一换成康师傅"
490,吃晚饭时一家人聊天，孩子说这个菜有问题，她爸说那个菜有问题。我站起来离开时说: 吃饭时就不能跟你父女两同桌，难得受气！小家伙说: 第一次见不想洗碗的人，推起责任来还说的头头是道！（我先吃完）
211,"和爱人商量“下周菜谱”，突然脑子一抽，向她建议：“老婆，我是金牛鸡，你是双鱼猪，为了纪念我们的爱情，从现在起我们家荤菜只吃牛肉、鸡肉、鱼肉、猪肉，好不好？”
“好呀!正好都是荤腥基本款，我没意见。”"
898,"小学的时候，那一天我们正在上课，校长带着我们村照相的进来了

校长对老师说:拍个拾金不昧的照片，贴到宣传栏里去，需要个学生配合一下。各位同学你们谁带钱了，配合照张相

我举手:老师我这有一块钱…………

…………老师在讲台上面带微笑，伸手来接我递上去的一块钱(此画面保持五秒钟),kaqi摄影师做出了OK手势：可以了

我一听照好了，就回座位去了…………好像哪里不对啊，那一块钱是我的，老师怎么顺手揣自己兜里了……"
1113,"闺蜜最近换了新男友，天天跟我炫耀男友对她多好多好，又买礼物又天天陪吃饭，细心体贴温柔简直是二十四孝中国好男友，唯一的缺点就是个子矮了闺蜜一大节，不过闺蜜说不介意，他们是真爱。
昨天听说这对真爱分手了，我诧异的问闺蜜怎么回事，她懊恼的说:找男朋友还是得找比自己高的！不然最爱的的姿势他都够不着！
卧槽……"
492,想吐槽一下了，一个亲戚(女)家里有四座房产，两门面，两套住宅，一辆铲车，一辆小吊车，也算过得去吧，可是她为什么总是把自己过得可怜兮兮的呢？还要给我灌输吃苦的思想，我郁闷的啊！
205,知道么，当年考试，蚊子在背附近咬个了包，手伸过去抠痒痒，被监考老师按作弊论处，赶出考场，于是乎，外面疯传，说我考生物，人体构造的时候数自己肋骨，被抓，取消了考试资格。。
183,转:靠男男无赖，靠厂厂要卖，只能靠自己，时间短，见效快，虽卖身体灵魂在，萝卜拔了坑还在，不能说这是卖！“一张小床就上岗，无噪音无污染，利用夹缝求发展，不生男不生女，不给大家添麻烦，何罪？
2217,"闺蜜跟我说她特别喜欢她单位每个月的表彰大会。我说:你喜欢表彰大会难道是因为你每个月都受到了表彰吗？
闺蜜:不是不是，我就是想看看到底有多少人和我一样是从来没有受到过表彰的……"
6536,楼主妹子，谈婚论嫁年龄，最近一男的追我，然后说自己除了帅还器大活好，我顿时一脸懵逼，这玩意很重要吗？？？
202,我的同学是电工：以前人干活多实在，超六类的好网线，今天这帮王八犊子，怎么省钱怎么来！害得我原先在单位拿的超六类水晶头都没法用，只能买破五类的水晶头来做！
649,"儿子期中考试不及格，我问他：为什么考不及格？
儿子委屈地说：他同桌太早交卷了！
………"
215,老司机在哪里？
5382,"表弟周岁抓阄时选的是玩具铲子，中学毕业后去打工，每天拿着铲子把煤渣铲进车里。
做了两个月他不做了，去当学徒做装修，师傅让他拿着铲子搅拌水泥沙。
他又不做了，去餐厅当服务员，现在他每天工作十小时挺辛苦，但可以改变宿命不再和铲子打交道，他还是挺开心的。
昨天餐厅大厨推出一个网 红 菜，做好了海鲜大杂烩放在铲子上，让他拿着铲子去上菜。"
1309,本人远嫁，生了对双胞胎儿子，小时候他俩挺像的，一直都是我家婆帮我带大的，自己带小的，家婆家公特别喜欢哥哥，每天抱着乐呵呵的，感觉弟弟挺可怜，于是我帮弟弟穿上哥哥的衣服，带上哥哥的帽子，我家公逗了半天，愣是没认出来，笑得我肚子都疼了
241,最近起侮辱性绰号被列入校园欺凌。这让我想起我高中时的绰号:乔治·阿姆色特朗·亚历山大·swim←_←我要不要去维个权[哀怨][哀怨]到现在我都记得给我起绰号那三个坏同学的名字:鹏球，佟球还有一个叫红面[挖鼻孔][挖鼻孔]
201,别人的男朋友
218,小和尚独自下山修行，出行前老和尚告诫他说山下的女人是老虎。几天后，小和尚回到庙中，说在一座山上看到醉醺醺的壮汉，骑在女人身上行为粗暴，满嘴脏话。“后来呢？” 老和尚问。小和尚说：“小僧实在看不下去就回来了”。“岂有此理，你在哪看到的？”，“景阳冈”，“哦哦…………罪过罪过”
4736,晚上我和二货老婆都喝醉了，半夜老婆含糊问我“我漂亮还是你老婆漂亮啊？”，我迷迷糊糊随口答了句“当然是你了，宝贝儿”，第二天一早想起来，老婆好像什么也没发现，机智的我啊 。。。。
1897,"未婚小女同事挨剋后回办公室委屈不已，直呼要被气死……
“别气死啊，还得做人工呼吸，多麻烦！”低头敲字的闷骚男慢条斯理娓娓道来“关键还会被按胸……”"
555,"临近年末，大家都在如火如荼的传抄笔记应付检查。翻看已经不知道抄了几手的天书笔记，迟迟无法落笔，真的很崩溃……
“你这写的是什么啊？鬼画符一样！”
“看不懂还不会照葫芦画瓢嘛！”
“就你这劣制的歪把葫芦还能出瓢吗？！”"
213,爸爸和妈妈区别
202,过完今天还有明天，无论你今天对我怎么样，只要今天死不了，明天我还会微笑着面对大家，愿你一切安好！！！
2732,"老姨去相亲，开始双方都特别拘谨，也许为了掌握主动权，也许是为了缓和气氛。老姨开口说：你长得真衣冠禽兽！
男方一听，脸都差点气歪了，老姨接着又说：我就喜欢你这有深度有风度，还有一点帅气的情 兽。
男人二话不说，拉起老姨的手，径直奔向BG而去…"
5364,海底捞的服务有多变态，本人亲自经历，让我无语。朋友几个一起去吃海底捞，隔壁一桌有个美女真心不错，哥们几个就多看了几眼，一起说了下这美女长的不错，结果不一会旁边服务的小哥就把美女和同桌的闺蜜的微信号，微博号，手机号，谁有男朋友，谁没有男朋友等等信息搞到手给我们。
279,"我:结婚纪念日你想要什么礼物？
辉总:150
我:干什么？
辉总:给手机换个屏……
我:你怎么不问问我要什么礼物！
辉总:钱都在你那，你要什么礼物关我屁事！
…………"
273,指挥交通......
250,二哈喂奶都傲娇
1768,"小时候，约小伙伴们出去玩，打招呼的方式就是敲敲窗。
长大后，这习惯一直没改。
发小结婚，一直在外地，只是随了份子钱，没到场亲自祝贺。
春节回家的时候，晚上找发小去玩，习惯性的敲了敲窗，发小媳妇开门一看是我，满脸惊讶:“怎么是你！”
我看发小不在家，转身要走的时候，她一个趔趄，倒在我身上，还没来得及把她扶正，发小回来啦！

“兄弟，下手够快的呀，这就抱上啦！”

“哥，你听我解释。”"
4294,西安.......
261,"本人学生一枚
软件工程导论课
老师提问，面向对象，用英文翻译一下
同学:face girlfriends
face to two elephants
face my love
.....
老师:..."
192,我们领导是真的挺好的！谢谢领导~
243,家有两岁半小妞一枚，今天摸摸膝盖和我说脚痛，我说怎么了，她说打针针了，我说谁给你打针针了，我开玩笑说是不是阿布，她居然说，不是，是老师…………闺女啊，辛亏你还没上幼儿园，要不然你老师要被你坑死了[尴尬][尴尬][尴尬][尴尬][尴尬]
3273,"我小时候做俯卧撑，塌腰不标准！
我爸是个严厉的人：“男人对自己就要狠一点！”他拿了个老鼠夹放我身下！
我虽然惧怕老鼠夹，但是还是有心无力的慢慢靠近，最后怼到了它，啪嗒，啊...
我伤到皮…我爸伤到筋骨，我爷爷一拐杖接一拐杖打他，边打边骂：“你敢动我孙的命 根 子，我要你命...”"
2628,大街上碰见同事王哥跟他6岁的儿子寒暄几句问道：“这是你儿子呀，真帅！”王哥提醒他儿子：“叫阿姨！”小家伙愁了我一会喊到：“娘！”同事笑了：“这是阿姨，你娘在家呢。”他儿子说到：“爸爸，你不是说有奶便是娘！”我……
221,"以前一同学，人称牛哥。
        牛哥他住校，一次早操，他躲宿舍睡觉，被训 导 主 任抓到了，叫他马上下楼。牛哥直接穿着内 裤就下楼了，全校师生这这样一起目睹了牛哥的内 内。训 导 主 任气炸了，问为什么不穿衣服，牛哥反问，不是你叫我马上下楼的嘛，训 导 主 任当下就傻了，只好放他回去穿衣服。从此牛哥名字传遍整个学校。

@10"
485,这是儿子小学二年级的题，看了半天愣是没做出来!
232,多年前，还没有外卖小哥。在写字楼里吃饭犯愁，不是吃腻了盒饭就是持久吃一家腻了。一个奇葩快餐店，每天拍门：“麻烦，王总盒饭15份，她马上来帮我垫付一下”。前台就付掉了。就这样每一层都有一个二个单位中招。但是看在盒饭味道很不错，大家竟然接受了，没过多久大楼换乘楼层多了一个小食堂。食堂老板现在还在给销售绝望的小哥讲他的故事。
2176,公司附近有好多饭店，最近一直吃牛杂面，后来有点腻了不想再吃了，今天中午照常去找饭店吃饭，想着今天炒菜吧，经过牛肉面店门口，看着老板殷切的目光，我又不好意思了，继续进去吃[哀怨][哀怨][哀怨]
1341,"小时候爱吃红薯，那天妈妈蒸了一笼红薯，我馋坏了，追着闹着要吃，妈妈把红薯放到桌子上，警告我红薯烫，不准用手去抓，说完就去做饭了，我看着桌子上的红薯，口水都快流了出来，可是妈妈不准我去抓，怎么办呢，我灵机一动，趴桌子上，对着红薯大口咬了下去……
额，红薯甜不甜我忘了，就记得舌头起泡了，嘴唇也肿了，被老妈一直笑话到现在……"
308,"“还有比参加前任婚礼更悲催的事么？”
“有，赌气份子钱包太多，穷得拿前任的喜饼做早餐！”"
240,"一男子单身了很久，一直没找到女朋友，后来在网上谈了个女网友，聊的还挺开心的！
于是，他们两个决定见个面，于是便约定在一家高档餐厅，点过餐后，男子便和女的聊了起来！
男：“你喜欢养狗吗？”
女：“怎么了？”
男：“我家里养了条狗，但最近一段时间，家里比较忙，我父母也没有时间照顾他，你能帮忙养一段时间吗？”
女：“什么样的狗呢？”
男：“单身狗，还挺屌丝的那种……”
女的沉默了一会，看了看男的，害羞的点了点头，“可以啊……”
男的兴奋的站了起来：“你等着，我过会就把狗牵过来……”
……"
327,哈哈哈哈哈哈新套路看懂了嘛
3723,"单位新来一位女同事，名字很俗，叫小花，名字俗人更丑，又矮有胖，她还经常主动和我套近乎，我一直对她爱搭不理，昨晚办公室同事们聚餐，小花带了她一个已婚的闺蜜一起来，她闺蜜酥胸半露、黑丝大长腿、皮肤白皙，声音很嗲，几杯酒下肚，我听到闺蜜对小花说：小花，咱是姐们，要懂得分享，以后你有了老公，我要先睡。
从那一刻起，我发誓，小花这个女人，我娶定了"
1859,男友去洗澡，告诉男友：“浴室的浴巾别用，是我新买的。” 给他重新拿了一条。 一会男友嘚瑟的出来，用新浴巾擦着头发，问我：“你刚说啥？” 我没好气的说：“刚来大姨妈，把新浴巾弄脏了，就是你现在擦头的这条…”
422,亲戚家的汽车放在路边停车位上，然后有一开摩托车的撞了上去人没了，最后亲戚车坏了还赔了一二十万。后来听说有人开车撞到路边树上人没了却没人赔钱。
422,双十一的鳄鱼皮皮鞋到货了！气死我了！我要退货！明明就是青蛙好吧！[生气了]
470,"今天看到一新闻:
某	中学老师带28名学生郊游回来有7名女同学怀孕"
1233,"小外甥来了，要和我儿子出去玩雪，让我给他找手套。我找了一下，只找到一副女式的，他肯定不能戴，就说：找不到手套，不然套一双袜子吧，袜子也挺好。
小外甥坚决不同意，后来我把女式手套拿出来给他，他就欢喜地戴上了，说：总比戴袜子强多了，，，"
12920,哥哥出国旅游，把家里的哈士奇送来让我养着，中间这傻狗跑丢过一次，我找了一天才找到，耐心的把这狗养的又白又胖！都走不动路了，哥哥回来以后就把狗接走了，第二天给我打电话问我：怎么他家的公狗变成母的了，还生了两只小哈士奇！
775,"媳妇爱吃粗粮，以前午餐经常买一元钱一碗的大碴粥在店里吃。有个初中生看到过几次。
有一天中午，那个初中生来买东西，看见我媳妇吃午饭，说:阿姨你是不是发财了？怎么不吃大碴粥了？"
279,给大家介绍几个极具困难度的手势
411,什么叫亲爸！前两天在微信上找我爸发二十元红包给我，说第二天还他，结果第二天给忘了，我爸就天天发视频让我还钱，而且还不能还二十，要还三十了，我问为啥？他说利息！！我……你见过这么高的利息呀！我爸说别人不用利息，你要，因为你是我闺女！所以要加十元利息！！我就想说，爸，你当年是打哪把我捡回来的，我想去看看！！！！
1281,"人生中有诸多的不期而遇，有惊喜有忧伤，更多的则是迷茫。
就比如现在，自打我进村起，那条该死的恶犬一直如影随形的跟着我不停的狂吠。好不容易摆脱恶犬，进了小树林在一枯树桩旁方便。恶犬如同鬼魅般出现在我身后，穷凶极恶的向我扑来…
我来不及提裤子，倒退数米开外与它对峙。僵持数分钟后，恶犬抬起后腿，朝着枯树桩滋了一泡尿，还一边用后腿朝着树桩弹些枯枝败叶，一边呜咽着向我龇牙咧嘴宣誓主权！
我提起裤子转身就跑，出了小树林才发觉，纸还在手中…也罢，擦与不擦已经不重要了…"
1138,三分钟读完西汉流水账，我都替你们值
523,一哥们和未来老岳父去钓鱼，老头好不容易上条大鱼咬钩，这货急着去帮忙，结果一着急给老头撞到水里，费了好半天劲儿，老头哆哆嗦嗦爬了上岸以后，老头拍拍这货肩膀说：“孩子，水有点凉。我就这一个女儿，以后财产肯定是你的。还有下次如果想钓鱼，我就不去了，你丈母娘喜欢钓鱼！” ​​​
249,各位家长，读书没有资质的孩子是来报父母恩的，校长说话就是有水平，
223,"今中午老公下了班回来，吃了饭就玩手机，话也不跟我说一句 
我问他：你怎么不问问我今上午去哪儿了！
他说：你去哪儿了？
我说：不告诉你！
他说：我靠
我得意的笑了[臭美][臭美][臭美]"
2100,"老婆每天洗完澡后都要称一称体重。
我纳闷：老婆你为什么总是洗澡后称体重呢？
老婆神秘地说：“你不懂，洗澡前身上有灰尘，灰尘是要占重量的。”
我善意提醒：馒头泡了水重量要提高几倍的。
老婆勃然大怒：难道你要送我去干洗吗？"
2016,"侄子说他爸妈不在家，让我过去玩，还说想念我家的二哈，让我把二哈也带去。
我带着二哈到了他家，他不断给我冲茶喝，很热情...
我去上洗手间回来，看到他在角落把作业本夹着一根香肠递到我的二哈的嘴边：“快吃，咬烂了最好...”"
267,某公司招聘到岗率一直很差，接到多次投诉，做为HRD必须亲自出马。我问：“某岗位任职资格中，你最在意是什么？”某总答：“首先得有正能量，其次是专业化，最后是奉献精神。”我追问：“具体一点呢”这货一咧嘴：“正能量就是得看着好，比如高白美。专业化就是统一称呼，着装规范。奉献精神不用说，就是让干嘛就干嘛！”我疑惑询问：“你以前在哪里高就？”这哥们傲娇一竖大拇指：“东莞”。
310,中国麦当劳更名“金拱门”，那肯德基是不是要叫“你大爷炸鸡”？？对此你怎么看？
234,莫非你也是组织上的[惊呆了][惊呆了]
1930,和二货闺蜜一起吃鱼。正在选鱼，突然从鱼缸里“哗”的跑出一只鱼，在我们面前挣扎、蹦跶，我想这是缘分，就吃它了吧。闺蜜对我摇摇头说：不要这只，这鱼这么傻，没脑子的！厄………
5952,我东北人嫁到西北，————背景  哥哥哥哥————婆婆为了做我喜欢的饭菜就去东北菜馆试吃 然后回来学着做！结果尝了一段时间，婆婆非得要跟我回东北[捂脸]
654,刚才我含情脉脉的抱着别人家老公，问了他好几遍：你爱不爱我？他说：爱你，爱你，爱你…😘😘，然后他说：我要尿尿，我就把他裤子脱了[挖鼻孔][挖鼻孔][挖鼻孔]
224,老公有次躺床上胳膊伸头后面，我想咬他肩膀，就添了下别的地方看咸不咸，太咸就没有咬，给老公说你该洗澡了都咸了，不知道脑袋怎么抽了，看见他胳肢窝的毛我就去闻了下，就这么说吧此生在也不会去闻别人的胳肢窝了，老公没差点笑死
200,我就不明白了 现在的教育 小学一年级的数学题 文字比数字多 甚至有的题还包含逻辑思维 识变题 搞得大人都不知道这题是咋回事 或许是大人文化浅 但大人多少还能根据经验来辩识 但是一个孩子才一年级有时候都不知道该跟孩子怎么解释他才明白 文化好的父母或许教孩子没压力 但那些文化参差不齐的父母该如何教诲孩子？
4633,"老哥出差回来往家里带了点咖 啡，LZ有事儿没事儿就想冲点来喝，老妈看见了说:这玩意儿那么苦我真不知道你为啥那么喜欢喝。
我说:妈，人家喝咖 啡并不在于苦与甜，而是在于那份情调。
老妈:别以为我老了什么都不懂，人家喝的那叫情调，你天天捧个刷牙塑料杯坐那儿豪饮，算啥情调……"
2583,"吃早点的时候，听见旁边一个小伙子跟个女孩子说话。
小伙子说：亲爱的！昨天我让我妈去你家向你爸提亲了！
女孩脸一红，说：“讨厌！你咋那么心急呢？人家还没做好心理准备呢！结果怎么样？我爸同意了吗？”
小伙子说：“我妈回来就火急火燎的找老黄历挑日子去了，然后就打电话和你爸把婚期定下来了！不过是她们俩的婚期！没咱俩啥事……”"
608,今天和老公看电影，前排坐着两个妹子，一人手里抱着一大桶爆米花，从电影开场就一直在吃。吃完后，两人又拿出一大袋瓜子开始嗑。说实话，烦得我恨不得骂街，但是我忍住了。我对老公说：“把鞋脱了吧！”
257,"LZ一个人住单身宿舍。平时从不会伤风感冒更谈不上吃药打针了。这两天突然牙痛的厉害，半边脸都肿了。吃不好睡不香。度娘说是急性牙龈炎要用阿莫西林消炎。买了一盒0.5克含量的。听人说第一次吃消炎药要加量，晚饭后一下吃了4粒胶囊昏昏然就睡了。从19点多到第二天早上七点半中间都没醒过。朋友上班前给我打电话:“昨晚电话打死都不接？""我说:“牙疼的不得了，喝点药就睡了，没听见电话响。”                    后来觉得:我这一觉差点就醒不来了。"
240,说个热乎的吐槽    ，本人有一个快递到圆通快递营业点了，我比较急自己去拿，跑到附近的营业点说没有你这个快件让去另一条地点问，去了吧没看到有人在也不好意思随便翻，等了十分钟左右有个男的进来说你干嘛，我说拿快递问我哪里的就说了，高潮来了他说你可以自己随便拿，随便拿  随便 拿  。啥时候拿快递那么开放了。。。关键还没完我的快递不在这边。。。妈了个鸡到底闹哪样？？让我来这边，这边又让我去另外一个地方拿。。啥时候圆通快递辣么辣鸡了
2153,"我有个朋友是个拆二代，你懂的，因为是突然暴富，为了改善家庭的品味，他老妈立志要儿子娶个优秀家庭的出身的女孩子。我朋友对此不感冒，表示不太有这种瞎眼白富美嫁给他。
最近，他来发请帖了，真的要迎娶白富美了。
他老妈为了帮他找老婆，参加了好多个中老年插花班、旗袍社、瑜伽团之类的。他妈的新闺蜜就是他丈母娘。"
2500,"国庆假期的事，老娘早早就饭做好了，让我们两人吃好走。
正吃着老婆对着耳朵悄悄地说：再爸妈留点钱吧，我装没听见，她就对着腰上握一下，被老娘看到了，老娘一边说你这样不行，得这样他就听到了，然后我头上突然疼了。

我：妈你都八十多了，咱动嘴不动手行吗？筷子打头也很痛的好吧"
277,今天晚上特意给单位请了病假想跟闺蜜去火锅店饱餐一顿，谁料火锅店里碰到了单位一群领导～顿时胃口全无。。。
234,很有味道的一条信息！
161,有这样的老婆我也醉了，一个月我工资4500元，家里小菜每次20元算好了一个月就要600小孩子的牛奶零售一个月300左右我车子加油800一个月上下班，车贷2000元，你说我一个月还能剩多少钱，天天问问钱拿去了，你菜不吃啊车贷不用还啊，自己大手大脚的乱花钱，我都不敢花钱，今天我还车贷的2000元叫老婆帮忙还进去，既然还漏了我100元，傻B啊，不知道信用贷款不是开玩笑的。想想也醉了，自己上班还要做淘宝，淘宝刚起步啥不要钱啊，老是说我淘宝上投入钱了，不投入钱不学习哪里有机会挣钱
14229,我一哥们他女朋友长相一般，去未来丈人家提亲，未来丈母娘开口就要20W，少一分都不行！回来找我喝酒跟我抱怨，20w他也勉强凑得出来，他不爽的是，丈母娘要这20w是他未来小舅子的丈母娘家也是要20W，而且他未来小舅子的女朋友是个美女，我当时脑抽就说一句，那你还不如拿这20w直接去娶你小舅子的女朋友呢!!他当时也只是讪讪的笑笑，后来。。。。。他真的做了，而且那小舅子的女朋友家还同意了！！！同意了！！！只是现在他前女友家一直在跟他闹。
1649,气温骤降，李姐依然一身清凉的装扮！真是耐冷啊！…李姐突然抱怨说:有的男的真是不要脸，老是盯着人家的腿看！话音没落，我不由自主的也看了一眼…不看不要紧，一看有新发现！:我说李姐啊！这都什么天了你还穿着丝袜呢！你不冷啊！~李姐一脸的得意:不冷！这看上去是丝袜，其实里面都是加绒的，可暖和啦！~额，还有这种衣服？我不由得又看了好几眼…~
363,"这大概就是传说中的父爱如山……
体滑坡吧[大哭][大哭]"
202,哈哈哈哈哈哈哈一脸懵逼的司机叔叔
525,"娘亲：你闲着没事办个ETC干嘛
我：因为我出门不带钱啊！！！
娘亲：你出门不带钱和你办ETC有关系？
我：因为我上次回家，下高速的时候，不能用支付宝，然后翻遍所有的地方还少给人帅哥两块钱[捂脸][捂脸][捂脸]
娘亲：那你咋没加个微信号还给人家，国家的便宜你也占"
1723,"前段时间我老公回家给大宝过生日，临走时云雨了一番，第二天我就回娘家了。
昨天回来的时候收拾床铺看到了包装袋顺手放兜里了。今天家庭聚餐，吃饭的时候大宝给拿出来了。
然后，一大波充满暧昧的眼神看着我，关键时刻还是妹妹挺身而出，她说:  姐啊，这个是我忘了丢垃圾了！"
1585,AA制......
220,我跟你们说，我们公司的男人都是有家庭责任感的，一下班就去买菜做饭，吃完洗完碗就玩游戏，有次我二货的女朋友叫他去约会，他来了一句:可以上门服务么？然后就没然后了
160,卧槽一下子就学会了
314,这几天在横店，刚刚路过一个剧组，扎眼一看，天龙八部，心想没有听说翻拍呀！这么大的古装剧，翻拍一般都是有新闻的，走进一看天龙八音剧组[哈哈][哈哈]
10416,"和老公吵架了，一气之下楼主回了娘家，并且临走前对老公甩下狠话:你特么跪着求我，我都不会回来的。
晚上老公发来一张图片，并附文字:买了一份鸭头，一份鸭脖，一份花甲，一份小龙虾，太辣了，实在吃不下。
当时把我给气的，我跟我妈说:你看看我不在家他有多败家，我得回去收拾他去！！……"
1658,"大家一直亲切地喊老大头儿，后来随着年龄的增长他有点谢顶，大家背后都称呼他秃头儿。
我刚来公司时，同事介绍都是秃头儿秃头儿的称呼，我以为头儿姓秃，然后见到头儿响亮的喊了声“秃老大”，我永远忘不了老大那震惊的眼神！"
255,比你妈还关心你 我俩也是操碎了心啊
191,做电磁铁磁力的实验，给学生准备了12盒大头针，结果两个学生私藏了这么多！幸好及时发现，不然万一出事了，家长是不是要怪我为什么要准备大头针？想想都心塞
432,江湖套路深，支持刘强东！
1248,"“姐，我前男友二胎摆酒，问我随多少份子……”
“随便啊！”
“随便是多少？200？500？”
“随个……粑粑！”"
1430,"刚媳妇问我:“你的梦想是什么？”
“真话还是假话！”
“真话！”
“讲真话会屁股疼。”
“你放心，这次不打你！”
“其实我的梦想很简单，一妻四妾，男人当老爷！”

“媳妇，你说不打的，你拿衣服撑子干嘛！”"
539,"下了早班去表哥家蹭饭，晚饭过后，陪四岁的大侄子玩,玩着玩着我想试探一下他，于是躺他床上装死。装了好长时间，终于他焦急的对着门外喊:""爸爸!""我心想终于担心我了,结果这兔崽子大喊""姑姑死我床上了!把她弄走!""哎呦我去，我这小暴脾气。。。。"
206,"刚看到好友朋友圈发的，80后你有没有同感啊！
…………………………

80后的青春虽是一去不复返，但不要动不动就喊我们老阿姨、大叔……我们是天鹅的时候你们还是个蛋🥚呢[奸笑][奸笑][奸笑]"
248,"第一次发，不割
//////////////////////
你站在外面干么？
进来家里站，
进来家里坐着站
//////////////////////
相信很多人看得懂........."
2220,"和发小坐大巴回老家，发小非要坐大巴靠近驾驶座的前排座位。
我：“坐这么前干嘛？坐后面坐不稳当吗？亏你还练过武！”
发小：“你懂啥？我坐这个位置，可以保护司机！”"
3307,那天在山上搞活动，我是男扮女装的。下山搭便车，龟孙子司机胡乱摸，我刚要反抗，他说你要乱动，同归于尽！[生气了][生气了][生气了]
251,坐公交发现有个人特别像我弟，于是我给我弟发了信息，发完以后，这人就回头看我，我发现就是我弟。。
228,在公司里用上台的蹲厕，差点没摔了，同事疯传，最后的版本是，某同事上厕所摔了。
181,标准北方人，，，割割不格。。。去成都第一次吃正宗四川火锅，本来在家里还能吃些辣的，到了成都就要了微辣火锅，结果吃的时候的模样被店里妹子笑话了不说，以后三四天早上去卫生间都感觉是上刑一样[大哭][大哭][大哭]
11119,"我和二货女票的那些事……

一次邂逅，就如同王八看绿豆，还就这么对上眼了。在一起之后才知道也许是上辈子做下的孽，这辈子来偿还……

那晚我一番强势，她彻底成了我的女人。女票捂着被子轻轻抽泣，我则在床尾一根接一根的抽起了闷烟。夺取初.夜，也许对大多数男人来说是种骄傲。但对我来说却是绑了一种使命般，这感觉，并不咋滴……

女票抽泣着拿起身旁的手机看了看，一把鼻涕一把泪嘀咕着：听说三分钟的男人都不咋滴啊！

这一口烟把我给呛的耳朵里都吐出了
…"
2206,"和班花偶遇，我俩有说有笑往学校走……
隔天隔壁班的王二傻子，拿着半截板凳腿边追边喊：敢泡我的马子……
刚好路过的老班看到了，于是那一年的运动会上，我一个人被报名了班上所有的中长跑项目。"
245,上周六晚上上语文课看小说被班主任抓到，叫我给家长打电话，幸好我爸正好那天夜班，然后就给我妈打过去了，我妈来了后和班主任说了我两句就把我带回家了，然后回家路上路过肯德基，我妈突然问我，你晚上吃饭了吗？我说没。我妈说哦，那你在这儿等着我给你买肯德基去，把我感动的感觉自己飞上天了都。然后昨天中午正吃饭呢我们一家子，突然我妈就语重心长的跟我说你得好好学习呀，不能再上课看小说了[doge]别说了，我屁股还疼呢现在
215,一次奇妙的相亲经历
214,"分享一件自己压箱底的糗事儿
魔都的地铁早高峰大家都懂得，所以每天早上我都早早的起床来躲避高峰期，尽管我有10多个闹铃来提醒我早起，可常在河边走哪有不湿鞋，意外还是发生了……
————嗝————
一个万年不请客的铁公鸡朋友找到女朋友了，在他们快结婚的时候终于想起来请我们这帮兄弟吃饭了，所以准备猛宰他一顿的我们几个把上海人均消费100以上的饭店看了个遍，然而那小子的手机一直关机状态，晚上9点微信群里发来信息“兄弟们来XXX烧烤啊”，你知道那是一种什么感觉么，就像你准备好拉一大泡屎，结果便秘拉不出来，
…"
1265,和女神去KF，心情好兴奋好激动，终于修成正果了，，，衣服都拖了，却尿急，于是去尿尿，可特么怎么也尿不完，把我急的满头大汗，我憋足了劲使劲尿，使劲尿，，，终于把自己尿醒了！
1500,外卖......
525,刚才，豆豆打来电话说：兄弟，我车里东西被偷了。 我说：哥们那先报警啊。 豆豆说：不是啥值钱的玩意，方向盘、油门、刹车都让人给卸下去了。你开车来接我一下吧，我在富贵人家门口。 我一想，现在小偷啥都干呢。 赶紧穿衣服下楼。 刚出小区门口，豆豆来电话了：兄弟，不用来了，妈的喝多了，坐副驾驶上了。我说:好的，你开车慢点。挂了电话，我直接给交警打电话，举报有人酒驾
258,一起意外的伤者被送到医院抢救。家属们在手术室外焦急的等待着。一会儿主刀的医生出来了。家属们忙上前问怎么样了？医生摇摇头，叹口气说到：“走得很安详！”家属们全都愣在了原地。这时只见医生哈哈一笑：“哈哈哈！骗你们的，死得老惨了……”
301,"晚上进入一条曲折的巷子里。忽然听到前面一个女的声音:“哟，碗里有尿!” 紧接着一个男的说:“真的是碗里有尿!”
槽，碗里有尿你们还高兴成这样!  走到前面一看，只见一个小饭店门口有个招牌:碗里有料  筒骨米线.面。"
1821,"今天礼拜天，儿子跟我去公司玩，女同事对儿子特别热情，又是买玩具，又买零食，把儿子逗的笑了一个下午。
下班回家的时候，同事对我说:“你儿子好可爱，我能不能做他干妈？”
我想都没想就拒绝了，就凭着几个玩具和零食，就想当我儿子干妈，想的美！
我可不傻！"
1721,"我有个朋友画像画的特别好，我让他给我画一张。
…………画好后我就拿着画去我叔家找我爸
我叔开了门：“你把我年轻时的照片拿去放大了？”
我：“哪？这是我的画像！”
我爸看了看我叔叔，又看了看画像，又看了看我…………"
711,昨天晚上睡不着，看群里面几个美女在发红包我也不好意思抢。等她们发完了、抢完了，我就默默的说了句：你们这是为双11没剁手在泄恨吗？老婆你别发红包了，不是还有双12吗……
620,"昨天衣服穿的比较少，确实有点冷，在自己办公室还行，我开了暖风……
下午开会，会议室的空调没开，领导发言的时间，我连打五六个喷嚏，打的自己投晕，本想说我得加件衣服，等会开开会，不曾想说成了:这会开个球，散会……
我走了，大家还真听话，跟着散了……
唉，昨晚到领导家喝了大半夜的浓茶，回家一晚没睡，特么，现在瞌睡的要死，可是，领导马上要求开会！！"
173,用电话号码，怎么能调取号码主人的身份证信息，有木有人知道，谢谢了
1089,"几个好哥们在一起吹牛比谁游泳快。有人说独.霸某游泳池的；有人说得过全校第一名的；最后拈花赢了。
他说：“我有一次去动物园喂鳄鱼（就是一根木棍子前边拴根绳子，然后绳子上绑块肉的那种）。鳄鱼叨住肉以后，我们就开始拨河。最后鳄鱼甩头一拽，我脚下一滑就掉了进去。到管理员过来的时候，六条大鳄鱼已经在水里追了我十几分钟了。。。。。。”[捂脸][捂脸]"
2479,"楼主前段时间买了几只鸽子放养在楼顶，这两天突然发现少了一只，我跟老妈抱怨:妈，你看鸽子少了一只，怕是跑出去被人吃了。
老妈:没事儿，吃就吃了呗，谁吃都是吃。
老弟:老妈说的对，谁吃都一样，不过说真的，姐养的鸽子挺好吃，唯一不足的就是鸽子稍微瘦了点……"
237,刚刚吃饭，爸爸端过来，过了会说给你换个好吃。我愣了愣，换哪个。他指了指端过来的饭。我不太确定，又问了一遍，换什么。我爸又指了指端过来的饭。问了好几次，我爸都生气了，说听不懂了算了。哈哈，现在饭吃完，莫名的懂了[doge][doge]原来如此
251,记得以前在某某公司工作。下班我在寝室玩手机，然后室友回来说一个女的穿个豹纹小裤衩，戴个小胸罩。我立马激动了。问他在哪?他说在对面第二个房，里面全是男的。我想了想，算了。😅
5319,"路过广场，看到个牵着二哈的大爷在撩老奶奶：大妹纸，你年轻时一定是个大美女……
话音未落，二哈忙着追小母狗，扯着大爷趔趄着钻绿化带里了……[偷笑][偷笑][偷笑]"
2446,"老婆在电脑上看电影，我看着手机。她突然问了我一句：“我会骗人吗？”
在强烈的求生欲望的驱使下，我：“你是天底下最诚实的女人！”    老婆把电影音量调大，电影出来一句话：“...无忌，你记住了，越漂亮的女人，越会骗人！”
...我把冰霜之锤递给老婆，横竖都是死，给个痛快的吧……"
1141,坐在沙发上看电视剧，我说道：“如果我是女主，你说我跟男一配，还是男二配呢？”老公听到后，问道：“什么？你刚才说什么？”我说道：“我刚才说，我跟男一配，还是...”话没说完，老公就说道：“不是这句！”我：“如果我是女主...”老公：“我...我配！”听完老公说的话，我心里暖暖的，但后来我仔细想了一下，然后决定狠狠揍他一顿...
206,每当我犹豫要不要在周末睡懒觉时，都会对自己大吼三声：“你穷不穷！你穷不穷！你穷不穷！” 一下就能激励到自己： “睡吧，能省一顿饭钱呢。。。”
239,逗比欢乐多[晚安睡觉][晚安睡觉]
411,以前在工厂上班的时候，宿舍在五楼拐角第二间，楼层之间也没有标示牌，经常的跑错楼层，最丢人的一次是中午吃完饭打算回宿舍取点东西，一着急也没看门牌号，一脚把门踹开，一宿舍男的正在吃泡面，我居然还很生气的说你们男生跑到女生吃饭不太合适吧！然后还有一个更二的男的端着泡面跑到门口去看门牌号，回头说，大姐你来看看我是不是眼花了，我靠居然是四字开头的
1611,"夏天，最开心的事，除了洗澡捉鱼，就是晚上捉知了猴。
那天晚上，我和平时一样，挑着我的小灯笼，顺着小树林，一棵树一棵树瞅着往前走，只记得收获颇丰，却不记得走了多久，蜡烛终于燃尽，四周一片漆黑。
我就抹黑往回走，走着走着，突然被一双手抓住脚脖，那一刻，听到的鬼故事全涌到眼前，我尖叫一声，就晕过去啦！
等我醒来，是在家的床上，发小在床边抹着眼泪。
那晚以后，我知道，人吓人，吓死人！不是谎言！"
1629,"周末，买了几只螃蟹回来吃。刚解开绑螃蟹的绳子，大螃蟹挥舞着两只大钳子“咔嚓”一下夹住我的食指。
我惊天动地的惨叫声，惊动了正在剥蒜的媳妇。媳妇强忍着笑说“你先忍一下，等我……拍个照片发朋友圈……”"
384,"甲：你脸皮真厚啊！
乙：鬼，胡须才是厚脸皮，天天不请自到，从肉底下钻出来，百折不饶的精神。
甲：我说你，吃了我的小笼包。
乙：……"
204,婚前偷偷看到女友换衣服她都会很害羞，现在结婚七年了，就在昨晚，我不想睡觉，她硬是把我脱个精光，然后强了我，。。。
215,发一个关于点外卖的奇葩，当然楼主外卖员，这顾客点个餐人不在家坑吧，我就给他打电话问可以放门口吗，他说不行，掉了怎么办，后来说放到门卫室才勉强同意，一般如果你不在家你可以点预约单么，就算不点预约单备注写清楚咋回事啊，放到哪呢，直接影响后面的一个单子超时，超时是要扣工资的啊，也许对于某些顾客而言就是一个电话费的事但是影响的确是旗手的工资待遇问题啊，真的，所以当你们看到骑手在横冲直撞的时候想想某些人是怎么收餐的
8940,"我进公司四年了，老板过年都不发东西，今天不知怎么了，通知我们去饭堂每人领一个四件套
我一进饭堂，我的员工正围着领呢，我来了一嗓子：老李(老板)这铁公鸡终于开始掉毛儿了，大家别手软，拿，把他薅成白条鸡
大家都回头看着我，然后让出一个空，原来我们老板亲自发放礼品呢"
1797,小表弟用火腿肠逗小黑，小黑摇着尾巴跟着他，让趴就趴让转就转，整整半小时。然后表弟把火腿肠扔给了鸡，小黑很惆怅。我气不过问:为什么？表弟说:鸡能下蛋，它能干啥，吃也没用。我上去就是一顿踹:你M滴，做人要厚道，对狗也一样要讲诚信。
181,今早请个农用车送点货，我就座他车一起去了，然后一上车我觉得这哥们可以啊，一直都听英文歌，我问他，你学历高啊，听歌都要英文的，谁知道我一说完他就开骂人了，什么mmb之类的，下个中文歌都要钱，只好听这不要钱的洋歌了！主要是他还不时的高唱洋歌啊！
266,"我：降温了，我的羽绒服在哪呢？
老婆：就在衣柜里挂着啊。
我：我都翻遍了也没看见。
老婆：糟了……去年穿完送干洗店，忘记拿回来了。
我:脑子里瞬间闪过十万只草泥马[捂脸]"
191,外面下着雪，屋里过着夏，这夜蚊子几时不怕冷的?
3550,最近天冷了。到了穿秋裤的时候了。无意中试了试女盆友的打底裤。！我靠。我感觉这么多年我的秋裤都是假的！
2796,"衡水的伙伴们注意了：
以后坐1、2、3、4、16、18、20、21路，谁要是敢和司机吵架，全车人揍它……
朝死里揍……
因为这几路公交车都过河！"
215,"好久没有糗事了
事情是这样的，
晚饭后...
————割JJ—————
同事想着对自己好点，把买的生板栗给煮了。当时我在自己的房间，他也进来了，一个劲的刷抖音（走火入魔中），直到一股清香的味道从门而入，才已是到出事情了，厨房居然冒烟了...我两一起来到厨房，第一时间关🔥后，看见黑胡的板栗相视一笑，重点来了，同事拿起锅铲去触碰板栗，“bàng”！板栗居然炸...炸了！炸了我俩一脸[流鼻血]！
————————附图"
825,"开会，领导长篇大论，我不知不觉就睡着了。忽然有人用手指捅我，我醒了，看见女同事递给我几瓣橘子，我微笑着朝她点头，把橘子接过来吃了。这橘子真是提神醒脑，吃完就不困了，女同事真是善解人意。
会后，女同事掩着嘴说：我看你睡着了，怕被领导批评，故意把橘子扔地上，借机把你叫醒，，谁知道你嘴那么急，，，"
495,"昨天侄子班级举行家长会，哥嫂都不在家，只能让我上阵………
家长会结束后，班主任对我说：“嘉鑫爸爸，你儿子平时上课不太认真，你要多管教一下他哦”。
侄子：“老师，他是我叔，不是爸爸，我叔他还没有女朋友呢，相亲的都说他长得像猩猩，太丑，一直都没人要呢”。
…………我看到了全教室家长捂着嘴在偷笑，更可恶有的还笑出声。。，，……还有老师你特么的笑毛啊      MMP"
4254,周末我妹要出去和男友约会，用我剃须刀刮腿毛？？？我特么把反手把她按沙发上，在她大腿最明显的地方狠嘬了一道印，转身离去深藏功与名。
1435,"今年粮食减产，许多人家的水稻一垧地产量不到八吨，媳妇的小姑家却依然丰收，别人不许羡慕地跟她说：我们都要赔了，你家还是赚。
小姑一脸哀伤地说：也赔了，去年一垧地打九吨半，今年才九吨！
气的别人不跟她说话了。"
237,好喜感[笑哭]
254,带V的就是厉害👍
209,"现在的贼可厉害了 有摄像头就怎样 有保安怎样 弄上门禁又怎样 依然阻挡不了他们对我自行车的热爱 在自行车满大街都是的现在 他们是认定我不会为了辆自行车报警还是认准了警察不会为了辆自行车在大冷天查案[楚楚可怜]

如此如此  我只能认栽了呗"
1313,上学的时候我有点木，一次老师倒车的时候把我撞个跟头，这老师下来就一句:“你瞎呀没长后眼呀”，我虽然木但是不啥随即回了句:“你不瞎你长后眼了你撞我”，就这一句话我站了一个星期
3742,昨天去朋友家刚到他家小区大门口，一条狗冲出来照着我的脚脖子就是一口。还好我穿的靴子还全是金属配饰，我没事狗的牙到是掉了一颗，然后它主人竟然说我把她家狗狗牙蹦了，让我带她家狗去宠物医院……然后我脱了鞋把买的羊肉片拿出一片贴在脚脖子上，她家狗又是一口，然后我和她说:好了现在带我去打狂犬疫苗吧。
210,"老妹:妈，我有点冷。
老妈:那你不会去找点衣服穿上啊？
然后我就看到老妹默默地找了双袜子穿上了。
突然觉得我有点跟不上她们的节奏了……"
873,媳妇儿：“老公，我第一天开车上路你就不能鼓励我一下？”我：“呃，总体还是不错的，但沟这么深，没个吊车还真不好出去。。。。。。”[捂脸][捂脸]
345,某日，某地发生疯牛病，一漂亮女记者奉命到一牛场采访疯牛病情况。下面是正式采访记录。记者：请问疯牛病是怎么发生的，牛场主人：嗯，那个嗯。记者再问，牛场主人：嗯那个，牛们一年只交配一次。记者再问：这个跟疯牛病有关系吗？牛场主人：美女如果你天天让人抓奶，一年只交配一次你确定你不会疯。记者：这、、、、、、、
399,"小时候，经常跑到别人家里蹭电视。那时村里没几户有电视机，中午和晚上是蹭电视的高峰时段，门口常常堆满鞋！
有一次，吃完午饭我背着书包去找小秋一起去看电视。看完电视小秋找不着鞋，我帮他在鞋堆里翻找，他跑回家看刚刚出门是不是没穿鞋，家里也没有！快到上课时间了，小秋急得哭着往学校跑……
来到校门口，小秋的弟弟正等着他，他说：哥，等你好久了，我刚刚经过那里，就先帮你把鞋子从鞋堆里找出来了，现在给你！"
2173,"老弟在攒“一块钱”的硬 币，已经有三百枚，全部装在一个罐子里。昨天侄儿倒出来玩，老弟看见了怕侄儿弄丢，就准备数一数。
当老弟全神贯注数了一大半的时候，在一旁玩耍的侄儿迅速抓起一把硬 币就投到老弟数好的硬 币里，就这样，有点强 迫 症的老弟整整数了十遍。
…………是的，我也跟着数了十遍。"
161,看到卖家的回复  还是觉得是良心卖家[笑哭]
241,x生活中的10个小确丧，欢迎补充
188,同事给我摆她入藏的经历，各种给我秀照片，其中有一张，是她和一个山碑名字的合照，很自豪说叫什么名字(不记得了)，问我听说过吗，我说，我只听说珠穆朗玛峰[哀怨][哀怨][哀怨]
3369,早上吃油条，一块钱一根那种，碰到同事红糖，我就坐在他对面了。这小子一口吞下去半根。。当时脑抽，我也试了下，就感觉一下捅到了扁桃体，差点把肺都咳出来！！！看着他那鄙视的神情，我才知道什么叫关公面前耍大刀.....
1099,落 落 特 别 黑，跟 江 南 新 婚 那 会 儿 穿了一双 黑 袜，江 南 趴 开 落 落 的 黑 袜 以 后，惊奇 地 问 落 落：媳 妇，你 咋 穿 了 两 双 袜 子 呢？
162,食欲这玩意儿若是能召之即来挥之即去该多好[doge]
209,"每次照镜子都是对内心的一种深沉摧残，丑就不用说了，更伤心的是对不起自己努力的身材啊。
总结起来就是肩不够宽，背不够阔，胸不够大，臂不够粗，腹不够显，腿不够壮。
生亦何欢，死亦何苦啊。"
195,老公性格有软，有次他爸爸骂他，他觉得特委屈，辩驳，公公也直吼他，他气得把才买的苹果摔了……
3313,"在浏览帖子，看到碗哥的帖子零评论，就顺手分享了一下！
碗哥说为了感谢我，给我一个么么哒。
我说：不用客气，顺手而已！
碗哥答：我也只是顺嘴而已……"
1737,无巧不成书
194,心脏病不能养小孩，不行，血压有点高。。。
413,"一室友，挺帅的，
整天窝在宿舍打游戏。
我们问他：“就不打算
找个女朋友吗？”
室友：“找个头！
找女朋友干嘛？还不如找个
男的，那我以后就有两套房两辆车了！”
我乍一听，居然有点小心动…………"
259,老铁们顶我上去，我要看红包有多少[哈哈][哈哈][哈哈]
1105,这个公安局经历了什么。。。。。
1595,前几天，我哥们红糖在抖音上看了别人直播玩黄鳝。红糖非常鄙视的说，玩个黄鳝也敢直播，呵呵呵，等着哈，等老哥给你们整点刺激的。过了几天，这小子弄回来一条毒蛇（后来才知道牙拔了）说今天晚上要整点刺激的。当天晚上，还没直播就发生了事故，毒蛇钻进去就逆鳞了，我们八个人费尽了九牛二虎之力也没帮他拔出来，最后只能把他送进了医院。医生足足笑了四个小时，才勉强接受给他做手术。
208,今天早上大雾，我哥要出门，走到门口看了看，对我嫂子说:“这么大的雾，我都怀疑司机师傅能不能看到我，”我嫂子瞅了瞅他笑了:“雾是白的，你是黑的，你说能不能看到。”
746,"微信群里在讨论少吃棚菜多吃时令蔬菜
“我最近特别喜欢吃大白菜……”
“对呀！我也发现了！”老妈立马随声附和“大白菜红油牛肉卷、大白菜牛肉丸子、大白菜牛肉饺子……我还发现你喜欢吃土豆！土豆片煎牛肉、土豆块炖牛肉、牛腩番茄土豆……”"
222,"喊错美女的后果
头几天逛街碰见 一美女身材高挑，黑丝，长发飘飘，明显就 是  东方美女的 特征！不 由自主的 喊个一声 美女，那美女看了 我 一眼抿着嘴笑了一下就  走了。谁知道不 光她一人  看我街上 的人都 在看我，这是感觉路有点颤，只见一黑影过来问了一句是不是喊得我，好久没人这样喊我了，我仔细一看是个女人再以打量，也 是 黑丝长发飘飘 就 是 体重 肯定超过200斤了！我不由有 点反胃，我只好说 是  喊你 就 是 问问路！这是 有个帅哥过来了，说你 喊得 谁 啊 指着那个
…"
2544,"很喜欢吃羊杂碎，因为常吃，还认识了几个专卖羊杂碎的老板。有一次我去找做的最好的那家 ，让他给我接一副生羊杂，嘱咐他一定要清洗干净，好拿回去给家里老人做着吃。他笑着对我说：你这就不懂了，羊杂洗干净就做不出味道了！
后来我就……"
1335,今天遇到世界上最难回答的问题了。相亲女问我你有没有女朋友。
240,"同事问我微信里有多少钱，我说有很多。
同事:这是1000块  你给我转一下账
我:我微信里就两块"
261,啊，啊！啊——！！！
2223,"今天早上送孩子上学，电三轮的后门有点坏了，突然自己开了。刮到旁边的吉利车，当时我没注意，真是没觉得异常。开起车子就走了，走到桥头被一辆车拦住，说我刮到他的车，问我怎么办？我说我真没注意。要不赔你钱吧！他说:我追过来就是想告诉你，你刮我车了，你没说一声就走，我心里不舒服。现在你知道了，你走吧！
世上还是好人多"
544,"昨晚帮一个美女装无线路由器，折腾完都12点了，走的时候她竟然跟我说晚上骑车不好，不安全。居然让我住在她家！真是可笑，哥车技如同行云流水，怎么会不安全？！我骑上车就走了！20分钟就快到家啦，就在我即将到家的时候，发现自己钥匙没带，这可怎么办，正当我在小区门口徘徊的时候，遇见了单位的美女同事，她的钥匙也忘记带了，于是说好一起去找酒店暂住一晚，由于郊区，附近只有一家酒店，酒店里只有一张床了，我打算睡沙发，女同事对我说：你跟我一起睡吧，不过不能做什么坏事情哦！我听了，顿时怒火就上来了，你他妈这不是怀疑哥
…"
1550,"今天周末跟老婆去一个景点玩。上洗手间的时候，我听到隔壁女厕老婆的声音说：大叔，这边是女厕，男厕所在那边。 完了响起一个男的声音：没事 我就洗个手就出去。
我当下想这货想故意偷看，你没猜错。
我正在等着跟警察交代为什么打了保洁。。"
251,有一天乘车，前面两个美女穿着低胸装，真让人揪心随时掉下来。E美女说：“今天面试的老总吃错药了，为什么选你不选我？”。D美女回答：“这是为什么呢?”。E气愤说：“面试时他先掉了一张卡，我捡了还回去。后来又掉了，你捡起了没还给他，这样还要你不要我。”D慢慢问：“你是不是没戴隐形眼镜？”。E想了半天才明白：“对啊！我终于明白了，谁想到那是房卡。”
243,明明不能评论，这又是啥
222,第一次去山东，知道那里的人酒量好。知道必须喝酒，我先去附近找Kfc或者沙县，吃点东西垫肚子。外喝解酒灵加红牛。中午十二点开饭，坐下主食还没上就主动开酒，西凤酒或者海之蓝天之蓝之类50℃以上高度白酒，用大杯，一人半斤，三口喝完！继续开酒，每顿一斤以上！！连续三天，六顿饭，愣是把对方给喝喝傻了。这南方人酒量真是了得！其实我是醉生梦死三天三夜[呲牙][呲牙][呲牙]
3731,今天我陪怀孕的妻子去医院做b超。结果出来后，我拿着单子看，医生说了一句：这孩子不是你的。旁边的妻子脸都绿了，颤抖的问医生：这都能看出来？我给了妻子一耳光，妻子捂着脸说：老公，我知道错了。这时大夫拿起另一张单子递给我：看，这个才是你的……
1704,"公司小文员一枚，今天又因赶公交车迟到了五分钟，进办公室刚好碰见黑着一张驴 脸的主管，我连忙跟他解释，并发誓说以后再也不迟到了，否则天打雷劈。
在我百般讨好之后，主管脸上的阴云散了一些，但是他突然冒出一句话：公司楼顶装着避雷针呢！罚款两百以儆效尤！
我呸！你个凑驴 脸以后千万别落到老娘手里，否则有你好看…"
381,"自己藏的那张和前女友的过去的CD找不到了，咋办。。。
忘记去年隐藏进哪个文件夹里面的子文件夹里的孙文件夹里的重孙文件夹里的玄孙文件夹里了，笔记本明天就要给老婆用了，我总不能现在就格式化啊，怎么能搜到那些图片。。。"
212,"富翁在商界口碑很好，人品德行没的说。和妻子恩爱六十多年从未吵过嘴，模范家庭令人羡慕。         不料年近九旬一病不起，医生下了病危。富翁要在病床上立遗嘱，让律师买来最先进的测谎仪，好证明分给儿女们财产是真实的。富翁说:“我和夫人二人心心相印一辈子，积累了这点财产……""测谎仪滴滴滴直叫，夫人说:“我和先生一生辛苦养育了这几个优秀的孩子……""测谎仪""呯""的一声爆了……"
351,"食堂煮饭的阿姨是个性开朗的人，长得很有营养，下午腌好了木瓜喊楼主吃，楼主说不吃。问为啥不吃？楼主说省给你们吃(当时正有资料员是个平胸小媳妇在吃木瓜)听说这个补胸。阿姨说:“要那么大干嘛？”资料员说:“这话好伤心哦。不过吃这个真沒有什么效果。骗人的。”这时会计小妹子正好过来吃木瓜，阿姨说她:“你该多吃点。”会计妹子说:""她都说了是骗人的沒效果，吃那么多干嘛？”"
3620,"闺女儿大儿子小，大的天天欺负小的。晚上吃饭闲聊。
媳妇儿说：“儿子，假如妈妈再生一个，你喜欢弟弟还是妹妹。”儿子说：“我想要一个哥哥一块打姐姐。”我：“孩儿啊，你这个要求难度太大。。。。。。”[捂脸][捂脸]"
1218,"大姐家自从买了智能电视就看不上电视了，小外甥最爱的游戏就是对着遥控器说：大点声，再大！最大声！吵得四邻不安，无奈断网，电视成了摆设。
大姐最后总结说：智能电视不好。"
182,刚刚一个小姑娘同事感慨道：毕业没多久，胖得小肚腩都出来了。我说：正常啊，慢慢你就习惯了。小姑娘跟着问我：柔姐，你知道二八定律吗？我：肯定知道啊，特别是做生意的人。小姑娘：我说的二八定律跟你知道的不一样，我是说，给我两天，我能胖八两，给我两个月，我能胖八斤，给我两年，我能胖八十斤。我附和道：就是说养你比养猪还容易。
79,"腰疼针灸完毕，那老中医说明天我还要去扎针，我呵呵一笑:“就不来！以后都不来了！疼死！”老头比我笑的还大声:“你一定会回来的！”
我出门骑上小电驴就跑，刚到家还没坐下喘口气又跳起来骑车往回赶，，那个糟老头子坏的很！让我扎针的时候别玩手机，他帮我收抽屉里了！"
166,"好想养一只蓝胖子猫，可是太贵了→_→没钱(๑•ั็ω•็ั๑)
先养自己这个懒胖子吧→_→"
5821,"大学时和女朋友异地，好不容易等到五一放假，我们约好不回家，聚一聚。
我兴高采烈的赶去她的学校找她，热恋时期啊，一日不见都如隔三秋啊！当我看到她时，激动的冲过去准备给她个熊抱！
万万没想到哪个杀千刀的掉的玻璃球，让我这这八尺大汉生生地劈了个叉……"
11937,我这边镇上有个小混混想强上一姑娘未遂，判了3年多，出来后扬言要废了那姑娘，到处找，后来这姑娘主动去找他，说为了弥补他这三年，就让他做一次，那货估计感觉那姑娘就是到手的羔羊，摩拳擦掌准备开干，，嘭一声门被踹开，进来几个警察（那姑娘事先报了警），同一罪名又进去了！这就是智商压制！
233,"N年前一朋友夫妻吵架，男一吋生气身无分文，离家出走。当时离过年还有一个多月。
除夕早上，男人衣着光鲜的出现在妻子面前，并且从衣内掏出几千元钱递给妻子。
妻不解问：哪来的？
夫回：要饭要来的。
妻：这么多（当时手机还是奢侈品）
夫回：不管遇到谁，我只要1元钱。"
79,"说一个部队的糗事，过去好几年了，但是每次想起来就感触很多。
记得十年前我当新兵的时候，那时候肯德基还不是很普及，更不用说在部队里的那些老兵。下连队后第一次外出，是我们班长带着我们出去，出去以后不知道干啥，班长带着不让我们单遛。我们就问班长干嘛去，班长说总是听别人说肯德基，我还没吃过，我带你们去尝尝。找到肯德基进去以后，班长扯着嗓子来了句，老板，来吃肯德基，卧槽，我们新兵都懵逼了，全场一阵爆笑，班长的脸瞬间通红通红的，扭头就跑。出来以后班长告诉我们，他压根不知道肯德基是啥，以为就是
…"
187,我真的没污
2369,"前女友突然来电，怀着激动又忐忑的心情我赶紧接通。电话那头传来我魂牵梦绕的声音：
我想你了，想我们一起去过的XX酒吧，一起吃过的XX海鲜，想你亲手为我做的烤玉米……真的好想你，我们和好吧……
我：呃，你说的这些地方我好像都没去过……
电话那头：不好意思，打错了……"
1635,"这不是双11快到了嘛，楼主这几天购物进入了疯狂状态，看啥都想买，啥也买不起。
昨晚看着购物车里的衣服、鞋子、包包、香水、化妆品等，楼主感叹:为什么我就没有一个能帮我清空购物车的男人呢！！
夜里做梦我梦到了王思聪[哀怨][哀怨]"
243,"这几天我搭档很皮呀
他：晚上睡觉摸我媳妇扎，真得劲
我：…
他：那手感老舒服了
我：…
他：想怎么摸怎么摸
我：…
他：￥%=%￥&amp;amp;﹌￥%)&amp;amp;￥&amp;amp;；%￥%￥
我：…"
226,看看，鸡鸡复机机
591,"某记者在河南街头采访市民：“您对河南此次限号有什么看法？”
市民：“我可以雪河南话吗？”
记者：“可以。”
市民：“这谁出嘞馊主意诶？真想给他俩大二八子！”
记者：“能用普通话解释下吗？”
市民：“好政策！服从安排，创建无霾河南！＂"
688,"今天随堂听课，听到我的课了，我点小朋友用鱼组词，一小朋友起来回答:”&amp;amp;#%鱼。”
我没听清，又问了一遍，他又回答一遍:”&amp;amp;#%鱼。”我假装自己听清了，重复了一句:”哦，原来你说的是烤鱼，回答得真不错。”
这时候只见那小朋友急得跳脚，声音也大了起来:”老师，我说得是草鱼！！”接着他还叹了口气，哈哈哈哈，他肯定心里想:我们老师真是让我操碎了心，光惦记着吃[如花]。"
1542,"晚上突然很想很想吃柚子……立马换衣服下楼去超市。终于挑挑拣拣在堆砌的柚山中选出满意的一大颗，幸福满满的怀抱着我的馋虫解药耐心的排长龙等待付款……
收银小妹礼貌又可爱“您的水果还没称重哦~”"
230,在校长的支持下白老师终于下海了！开了间卖卫浴的店铺[大笑][大笑]
189,鲁班很皮啊
176,所有渣男都标准的有个和人聊天肯定吹嘘自己上过多少个妞的习惯
1413,"小时候，语文老师辞职打工去了，镇上新调来美女老师，大家都准备小礼物送给她，有花环、头绳、土特产之类的。我把废了九牛二虎之力从崖上弄来的一大包山云豆送给老师煲汤……
后来才知道，山云豆另一个名字叫巴豆。"
1578,同事五十多岁的叔叔，被曝家里环境脏乱。同事无奈地说:原先叔叔一个人过的时候，家里其实挺干 净的，自从他娶了老伴，家里就没 干 净过
247,双十一网购发生的惨案！哈哈哈哈
287,"中秋节一家去上海，闺女不知道怎么的，到了地方就吐。第二天我们要回家了，就坐地铁去火车站，还没到车站，又吐了。到了车站我觉得她肯定饿了么，让我老公买点东西给她吃，我老公怕她又吐，没给她买，说到家再吃吧。然后就上车了。
上车没多久，来了一个美女，手里拿着在肯德基买的吃的，还有薯条。我闺女看见了就一直指着薯条跟我说，妈妈我要吃这个。我说，等下车妈妈就给你买好不好。我闺女估计饿的不行，就一直说要吃薯条。说的旁边的美女也不吃了，把薯条收起来了。我觉得气氛好尴尬。
三十分钟以后，终于下车了。我直奔肯德基给闺
…"
238,"本人饭店厨师，今天同样做厨师的一个朋友约我们几个厨师朋友出来喝酒，期间看他心情很低落、郁闷。于是都询问怎么回事?两杯酒下肚他说了事情的经过：
他是在我们这县城一家小饭店工作，饭店生意也挺好的，饭店工作人员就五、六个人，就是他们老板太奇葩……，今天他们又热火朝天的忙碌了一天，快到他们吃饭了，每次做员工餐时就是他最犯愁时，因为他们老板他抠了，平时他们吃饭时几乎都不敢放肉，平时他们的员工餐都是炖大白菜，他们饭店其他员工也都叫苦不迭，今天他看饭店生意挺火，大家都挺累，就想改善一下，于是他找到老板就有了以
…"
1807,"老爸是个老兵，昨晚和老爸聊天，聊到我工作上的事，老爸给我忠告:做人要有原则，要对的住自己良心，要有血性，不能为五斗米折了腰……
就你，过钢易折，男人要能屈能伸，韩信能受胯下之辱，别听你爸一派胡言，逞强斗狠是匹夫之勇,老妈赶忙纠正……
我……我听谁的？………"
1483,"自从儿子上了高中，早恋导致学习退步，为此老婆天天唠叨，昨天又为这个吵了起来……
你儿子你到底管不管？成绩这样下去二本都不要想，一个星期花的钱抵你一个月了……
我一个月？中午单位食堂免费，晚上家里吃饭，我花毛的钱？那他也没花什么钱！
花没花钱你自己看，老婆把记账本摔过来……
卧槽，家里油盐材米酱醋茶都是我花的钱！"
230,昨天和我妹聊天，说到如果到十年了，我和我老公就去照一套婚纱照，结果我妹说，不想去照，照了就有一种换人的念头[大笑]
245,"今天和老公聊到我爸昨天要给我10个月的小宝宝吃红烧肉，大人吃的那种，还带酱油和各种调料，我跟他说小宝宝不能吃这种，以后会变得重口味的。然后婆婆也站我这边，她说我老公就是小时候吃盐现在口味才这么重。
以上都不是重点，重点是老公听到这接了句，
“对呀，我就是重口味才看上你”

[大哭][大哭][大哭][大哭]"
304,"我妈老是说我乱买东西存不住钱
赚钱本来不就是花的吗
我就跟我妈说“我并没有花掉那些钱，它们只是换了一种方式陪在我身边”
我妈“比如说变成了肉？”
多文艺的一句鸡汤，被我妈一句话给我怼的不知道咋接了。"
1898,"去姐姐家玩，有两个外甥，大的5岁了，小的才6个月，姐要出去买菜，叫我照看他俩一会儿。   不久  ，由于妈妈走了，那个小的哭个不停，可把我急坏了，于是我就发挥我的特长，给小家伙唱歌，刚唱两句，又吐奶了，害得我措手不及，赶紧叫大外甥打电话叫他妈快回来，说小弟弟不停的哭，吐奶了。                                                     谁知他打电话说:“妈妈快回来，舅舅唱歌把弟弟唱吐了”
…"
2880,"宿舍熄灯后，聊关于‘爱情’的话题。妹子说：“爱情需要距离，距离产生美。” 另一位妹子跟着附和：“对，距离产生美，负3厘米的爱情肯定没有负10厘米的幸福！”
一句“卧槽”声后，话题变成：时间产生美…"
281,不试试怎么知道呢?
236,不着急，快递小哥很快就到了～
349,银行旁边就是赌场[奸笑]
3579,"女友一直喜欢短发，英姿飒爽，帅气迷人，然而我对长发情有独钟，一直对她软磨硬泡，要她留长发，终于她耐不住我的各种规劝留了披肩长发……
然而，当我我昨晚按耐不住亲热时从第一次从她背后拽她头发时，还没有体验其中的各种滋味就被她一脚踹下了床……"
2430,"这几天举行全民马拉松比赛，邻居李嫂问我怎么不参加比赛。
我说短跑还行，长跑不持久。
她说你参加肯定能得冠军，兔子都没你跑的快。
儿子放学回家，教孩子作业，看到龟兔赛跑，才知道又被那娘们骂啦！"
837,等九零后老了，是中国最好的一批婆婆
228,"“姐夫，我没钱了，转五千给我！”
“姐夫，我喝醉了，来带我，回去…”
读大学的小晶很叛逆，令姐夫颇为头疼。
这天，终于等到小晶毕业，姐夫如释重负。
“姐夫，这几年多谢你的照顾啦！为了报答你，我决定——”
小晶坏笑着，弄得人心都提了起来，
只听她道：“我决定不把你藏私房钱的事告诉大姐！”。。。嘴角抽搐，
真是三天不打上房揭瓦啊！"
264,就刚刚14路车上，一大妈有座了转身朝车尾站着的老伴喊过来啊，死老头子，你笨啊，过来啊！然后大爷到她身边大妈站起来说你腰疼你坐，这狗粮撒的，我吃了，先干为敬！
